{"R_25_BEAR_ZONE_2696.29_2697.8": 1784046957.275953, "R_25_BEAR_ZONE_2668.26_2673.34": 1784060146.1131225}