{"R_75_BULL_ZONE_39948.17_39968.94": 1782338586.9787192, "R_75_BULL_ZONE_41014.18_41128.17": 1782382875.168367, "R_75_BULL_ZONE_41526.48_41603.07": 1782408887.2884161}