{"R_75_BULL_ZONE_50622.48_50876.63": 1783485145.8933234, "R_75_BULL_ENTRY_50622.48_50876.63": 1783485146.3186908, "R_25_BULL_ZONE_2768.71_2769.02": 1783494737.528667, "R_75_BULL_ZONE_51054.17_51127.82": 1783530564.978865, "R_25_BULL_ZONE_2802.05_2803.68": 1783554656.1245713, "R_25_BULL_ENTRY_2802.05_2803.68": 1783550509.0201557, "R_75_BULL_ZONE_52355.44_52552.02": 1783536450.4864094, "1HZ75V_BULL_ZONE_6569.81_6576.38": 1783546476.2518294, "R_75_BULL_ZONE_53085.6_53114.13": 1783563971.0445373, "R_75_BULL_ENTRY_53085.6_53114.13": 1783563971.4435606, "1HZ75V_BULL_ENTRY_6569.81_6576.38": 1783563974.9448206, "R_25_BULL_ZONE_2805.38_2806.99": 1783563981.4158747}