{"R_25_BULL_ZONE_2779.85_2780.53": 1783463482.2475743, "R_25_BULL_ENTRY_2779.85_2780.53": 1783463482.7819467, "R_75_BULL_ZONE_50622.48_50876.63": 1783485145.8933234, "R_75_BULL_ENTRY_50622.48_50876.63": 1783485146.3186908, "R_25_BULL_ZONE_2768.71_2769.02": 1783494737.528667, "R_75_BULL_ZONE_51054.17_51127.82": 1783530564.978865, "R_25_BULL_ZONE_2802.05_2803.68": 1783530575.0144556, "R_25_BULL_ENTRY_2802.05_2803.68": 1783525096.0025358, "R_75_BULL_ZONE_52355.44_52552.02": 1783536450.4864094, "1HZ75V_BULL_ZONE_6569.81_6576.38": 1783546476.2518294}