{"1HZ75V_BULL_ZONE_6924.76_6937.8": 1783802081.1436017, "R_10_BEAR_ZONE_4825.02_4828.74": 1783887850.1275117, "R_75_BULL_ZONE_53868.19_53872.64": 1783857732.6248107, "R_75_BULL_ENTRY_53868.19_53872.64": 1783857733.1794035, "R_75_BULL_ZONE_53891.48_54049.37": 1783887844.2737167, "R_10_BEAR_ENTRY_4825.02_4828.74": 1783887850.52224}