{"R_75_BULL_ZONE_41014.18_41128.17": 1782382875.168367, "R_75_BULL_ZONE_41526.48_41603.07": 1782408887.2884161, "R_75_BULL_ZONE_42281.03_42455.78": 1782428481.7636423, "R_10_BULL_ZONE_4887.77_4890.38": 1782428487.5812347, "R_10_BULL_ENTRY_4887.77_4890.38": 1782428487.9020536}