{"R_75_BULL_ZONE_43405.94_43451.49": 1782494347.9325554, "R_25_BEAR_ZONE_2549.05_2550.2": 1782494358.270339, "1HZ75V_BEAR_ZONE_5201.52_5215.97": 1782510668.9243066, "1HZ75V_BEAR_ENTRY_5201.52_5215.97": 1782510669.4645429, "R_10_BULL_ZONE_4891.5_4893.34": 1782510672.8573673, "R_25_BEAR_ZONE_2554.19_2556.93": 1782547877.1792734, "R_25_BEAR_ZONE_2538.3_2539.81": 1782562676.619992, "R_10_BULL_ZONE_4920.56_4923.32": 1782578451.0444038, "R_25_BEAR_ENTRY_2538.3_2539.81": 1782578454.7130616}