{"R_10_BEAR_ZONE_4892.05_4892.27": 1783160187.5360675, "R_10_BEAR_ENTRY_4892.05_4892.27": 1783165740.002068, "1HZ75V_BULL_ZONE_5800.72_5808.61": 1783176190.747636, "1HZ75V_BULL_ENTRY_5800.72_5808.61": 1783176191.3018808, "R_75_BULL_ZONE_49348.63_49372.64": 1783183797.2295048, "R_10_BEAR_ZONE_4891.6_4892.98": 1783183805.7320805}