{"R_10_BULL_ZONE_4985.85_4988.99": 1782846774.7754285, "R_25_BULL_ZONE_2678.62_2681.25": 1782863543.1325157, "R_25_BULL_ENTRY_2678.62_2681.25": 1782853725.1986163, "R_25_BULL_ZONE_2678.91_2681.34": 1782905527.824077, "R_25_BULL_ZONE_2695.94_2696.83": 1782930495.2837176}