{"R_10_BULL_ZONE_4931.51_4934.09": 1782592867.3529372, "R_10_BULL_ZONE_4968.25_4970.98": 1782665471.2611215}