{"R_75_BULL_ZONE_49475.61_49564.96": 1783348571.248364, "1HZ75V_BULL_ZONE_6612.0_6620.25": 1783318125.6931713, "1HZ75V_BULL_ZONE_6742.93_6752.17": 1783348575.1200998, "R_10_BEAR_ZONE_4884.98_4885.83": 1783348578.8327243, "R_10_BEAR_ENTRY_4884.98_4885.83": 1783348579.33489, "R_10_BEAR_ZONE_4870.41_4871.48": 1783365623.5160618}