{"1HZ75V_BULL_ZONE_6833.49_6843.77": 1784404324.0389066, "1HZ75V_BULL_ENTRY_6833.49_6843.77": 1784396432.0975032, "R_25_BEAR_ZONE_2583.65_2585.29": 1784435739.7726705, "1HZ75V_BULL_ZONE_7192.96_7207.83": 1784423303.4208164, "1HZ75V_BULL_ENTRY_7192.96_7207.83": 1784435732.016702, "R_10_BULL_ZONE_4825.34_4826.97": 1784435735.676156, "R_10_BULL_ENTRY_4825.34_4826.97": 1784435736.0066252}