{"1HZ75V_BEAR_ZONE_4849.83_4860.14": 1782813868.3144224, "R_10_BULL_ZONE_4985.85_4988.99": 1782846774.7754285, "R_25_BULL_ZONE_2656.3_2658.61": 1782832296.3395112, "R_25_BULL_ZONE_2678.62_2681.25": 1782863543.1325157, "R_25_BULL_ENTRY_2678.62_2681.25": 1782853725.1986163}