{"R_75_BULL_ZONE_55372.57_55385.41": 1784262630.3551757, "R_75_BULL_ENTRY_55372.57_55385.41": 1784279933.8964853, "R_10_BULL_ZONE_4829.68_4830.87": 1784347864.4427178}