{"1HZ75V_BULL_ZONE_5541.45_5557.47": 1781966036.5536907, "1HZ75V_BULL_ENTRY_5541.45_5557.47": 1781966036.9806216, "R_25_BEAR_ZONE_2622.15_2622.88": 1781996059.1369753}