{"R_25_BULL_ZONE_2678.91_2681.34": 1782905527.824077, "R_25_BULL_ZONE_2695.94_2696.83": 1782930495.2837176, "1HZ75V_BULL_ZONE_5381.73_5392.79": 1782957084.0275514, "1HZ75V_BULL_ENTRY_5381.73_5392.79": 1782957084.3470488}