{"1HZ75V_BULL_ZONE_6742.93_6752.17": 1783403330.2894678, "R_10_BEAR_ZONE_4870.41_4871.48": 1783416070.0890827, "R_25_BULL_ZONE_2749.71_2755.3": 1783381583.3856757, "R_25_BULL_ENTRY_2749.71_2755.3": 1783381583.723181, "R_25_BULL_ZONE_2779.85_2780.53": 1783437654.8626924, "R_25_BULL_ENTRY_2779.85_2780.53": 1783437655.3746254, "R_75_BULL_ZONE_50622.48_50876.63": 1783458446.01341}