{"1HZ75V_BULL_ZONE_5800.72_5808.61": 1783176190.747636, "1HZ75V_BULL_ENTRY_5800.72_5808.61": 1783176191.3018808, "R_75_BULL_ZONE_49348.63_49372.64": 1783230332.5369966, "R_10_BEAR_ZONE_4891.6_4892.98": 1783183805.7320805, "1HZ75V_BULL_ZONE_6001.58_6010.04": 1783193605.8041317, "1HZ75V_BULL_ZONE_6302.95_6324.98": 1783230335.3779316, "1HZ75V_BULL_ZONE_6455.89_6468.07": 1783248621.1026547, "1HZ75V_BULL_ZONE_6570.07_6576.8": 1783253471.0468338}