{"1HZ75V_BULL_ZONE_5381.73_5392.79": 1782984430.2575428, "1HZ75V_BULL_ENTRY_5381.73_5392.79": 1782984430.6116135, "1HZ75V_BULL_ZONE_5403.55_5418.48": 1782993297.9524055, "1HZ75V_BULL_ZONE_5505.78_5510.69": 1783001639.8503218, "R_75_BULL_ZONE_48988.91_49195.65": 1783054915.772248, "R_75_BULL_ENTRY_48988.91_49195.65": 1783054916.3262804, "1HZ75V_BULL_ZONE_5624.86_5648.08": 1783067036.873256}