{"R_10_BULL_ZONE_4965.53_4967.14": 1782761107.2575324, "1HZ75V_BEAR_ZONE_4849.83_4860.14": 1782813868.3144224, "R_25_BULL_ZONE_2604.15_2606.84": 1782773165.671396, "R_25_BULL_ENTRY_2604.15_2606.84": 1782773166.1731799, "R_10_BULL_ZONE_4985.85_4988.99": 1782822188.8434658, "R_25_BULL_ZONE_2656.3_2658.61": 1782832296.3395112}