{"R_10_BULL_ZONE_4851.27_4851.91": 1782322307.3092062, "R_75_BULL_ZONE_39948.17_39968.94": 1782338586.9787192, "R_75_BULL_ZONE_41014.18_41128.17": 1782382875.168367}