{"R_10_BULL_ZONE_4968.25_4970.98": 1782665471.2611215, "R_10_BULL_ZONE_4965.53_4967.14": 1782737338.3604946}