{"R_75_BULL_ZONE_54098.49_54208.13": 1784506405.2038174, "R_75_BULL_ENTRY_54098.49_54208.13": 1784506405.5622506, "R_25_BEAR_ZONE_2558.91_2561.33": 1784572424.3523598, "R_25_BEAR_ENTRY_2558.91_2561.33": 1784583268.36834}