{"R_75_BEAR_ZONE_50677.7_50715.83": 1784694609.6923525, "R_75_BEAR_ZONE_50493.0_50600.51": 1784739171.7684953, "1HZ75V_BULL_ZONE_6975.71_6982.27": 1784778513.7267687}