{"R_75_BULL_ZONE_49475.61_49564.96": 1783348571.248364, "1HZ75V_BULL_ZONE_6612.0_6620.25": 1783318125.6931713, "1HZ75V_BULL_ZONE_6742.93_6752.17": 1783403330.2894678, "R_10_BEAR_ZONE_4884.98_4885.83": 1783348578.8327243, "R_10_BEAR_ENTRY_4884.98_4885.83": 1783348579.33489, "R_10_BEAR_ZONE_4870.41_4871.48": 1783387758.3207726, "R_25_BULL_ZONE_2749.71_2755.3": 1783381583.3856757, "R_25_BULL_ENTRY_2749.71_2755.3": 1783381583.723181}