{"1HZ75V_BULL_ZONE_6455.89_6468.07": 1783248621.1026547, "1HZ75V_BULL_ZONE_6570.07_6576.8": 1783253471.0468338, "R_75_BULL_ZONE_49475.61_49564.96": 1783318122.1478198, "1HZ75V_BULL_ZONE_6612.0_6620.25": 1783318125.6931713}