{"R_25_BEAR_ZONE_2558.91_2561.33": 1784572424.3523598, "R_25_BEAR_ENTRY_2558.91_2561.33": 1784583268.36834, "R_75_BEAR_ZONE_51598.32_51764.99": 1784618269.1094608, "R_75_BEAR_ENTRY_51598.32_51764.99": 1784618269.4875221, "R_25_BEAR_ZONE_2554.01_2560.86": 1784618277.9538002}