{"R_25_BULL_ZONE_2695.94_2696.83": 1782930495.2837176, "1HZ75V_BULL_ZONE_5381.73_5392.79": 1782984430.2575428, "1HZ75V_BULL_ENTRY_5381.73_5392.79": 1782984430.6116135, "1HZ75V_BULL_ZONE_5403.55_5418.48": 1782993297.9524055, "1HZ75V_BULL_ZONE_5505.78_5510.69": 1783001639.8503218}