{"1HZ75V_BULL_ZONE_6924.76_6937.8": 1783802081.1436017, "R_25_BEAR_ZONE_2630.1_2631.58": 1783778886.08336, "R_25_BEAR_ENTRY_2630.1_2631.58": 1783782942.767297, "R_10_BEAR_ZONE_4825.02_4828.74": 1783840749.2537954, "R_75_BULL_ZONE_53868.19_53872.64": 1783857732.6248107, "R_75_BULL_ENTRY_53868.19_53872.64": 1783857733.1794035}