{"R_75_BULL_ZONE_48988.91_49195.65": 1783077020.5921001, "R_75_BULL_ENTRY_48988.91_49195.65": 1783077021.2853131, "R_10_BEAR_ZONE_4892.05_4892.27": 1783160187.5360675}