{"1HZ75V_BULL_ZONE_6742.93_6752.17": 1783403330.2894678, "R_10_BEAR_ZONE_4870.41_4871.48": 1783416070.0890827, "R_25_BULL_ZONE_2779.85_2780.53": 1783463482.2475743, "R_25_BULL_ENTRY_2779.85_2780.53": 1783463482.7819467, "R_75_BULL_ZONE_50622.48_50876.63": 1783485145.8933234, "R_75_BULL_ENTRY_50622.48_50876.63": 1783485146.3186908}