{"1HZ75V_BULL_ZONE_6631.47_6635.58": 1783679276.63713, "R_10_BEAR_ZONE_4803.43_4804.96": 1783679279.7662737, "R_10_BEAR_ENTRY_4803.43_4804.96": 1783679280.2026978, "R_75_BULL_ZONE_53347.03_53355.9": 1783688106.3478823, "R_75_BULL_ZONE_53580.35_53670.97": 1783760080.002445, "1HZ75V_BULL_ZONE_6713.59_6726.9": 1783710337.1610675, "1HZ75V_BULL_ENTRY_6713.59_6726.9": 1783716093.9064648, "R_25_BEAR_ZONE_2662.44_2665.19": 1783744282.8033912, "1HZ75V_BULL_ZONE_6924.76_6937.8": 1783752996.2163754, "R_75_BULL_ZONE_55786.77_55821.3": 1783765102.4650936}