{"1HZ75V_BULL_ZONE_6833.49_6843.77": 1784404324.0389066, "1HZ75V_BULL_ENTRY_6833.49_6843.77": 1784396432.0975032, "R_25_BEAR_ZONE_2583.65_2585.29": 1784458334.296381, "1HZ75V_BULL_ZONE_7192.96_7207.83": 1784468565.1672337, "1HZ75V_BULL_ENTRY_7192.96_7207.83": 1784458327.9340742, "R_10_BULL_ZONE_4825.34_4826.97": 1784458330.9388263, "R_10_BULL_ENTRY_4825.34_4826.97": 1784458331.4363976, "R_25_BEAR_ENTRY_2583.65_2585.29": 1784468571.0187514}