{"R_75_BEAR_ZONE_48750.42_48776.04": 1784873577.6877525, "R_10_BULL_ZONE_4865.9_4870.61": 1784890270.215475}