{"R_75_BEAR_ZONE_51598.32_51764.99": 1784618269.1094608, "R_75_BEAR_ENTRY_51598.32_51764.99": 1784618269.4875221, "R_25_BEAR_ZONE_2554.01_2560.86": 1784641800.141423, "R_25_BEAR_ENTRY_2554.01_2560.86": 1784627777.5874546, "R_75_BEAR_ZONE_50677.7_50715.83": 1784694609.6923525}