{"R_75_BULL_ZONE_51917.03_52039.1": 1784118128.1374738, "R_75_BULL_ENTRY_51917.03_52039.1": 1784118128.5552561, "R_25_BEAR_ZONE_2624.7_2627.51": 1784173413.2412953, "R_10_BEAR_ZONE_4780.8_4783.87": 1784141000.5544825, "R_25_BEAR_ENTRY_2624.7_2627.51": 1784173413.5689557, "R_10_BEAR_ENTRY_4780.8_4783.87": 1784160855.574183, "R_75_BULL_ZONE_53582.15_53691.94": 1784173405.1247625, "R_75_BULL_ENTRY_53582.15_53691.94": 1784181971.9640737, "R_75_BULL_ZONE_53642.6_53738.13": 1784197925.3434637, "1HZ75V_BULL_ZONE_7014.81_7023.39": 1784203586.911486}