{"1HZ75V_BULL_ZONE_6631.47_6635.58": 1783679276.63713, "R_10_BEAR_ZONE_4803.43_4804.96": 1783679279.7662737, "R_10_BEAR_ENTRY_4803.43_4804.96": 1783679280.2026978, "R_75_BULL_ZONE_53347.03_53355.9": 1783688106.3478823, "R_75_BULL_ZONE_53580.35_53670.97": 1783710333.8837063, "1HZ75V_BULL_ZONE_6713.59_6726.9": 1783710337.1610675}