{"1HZ75V_BULL_ZONE_6975.71_6982.27": 1784778513.7267687, "R_75_BEAR_ZONE_48750.42_48776.04": 1784843476.686915}