{"R_25_BEAR_ZONE_2624.7_2627.51": 1784173413.2412953, "R_25_BEAR_ENTRY_2624.7_2627.51": 1784173413.5689557, "R_75_BULL_ZONE_53582.15_53691.94": 1784173405.1247625, "R_75_BULL_ENTRY_53582.15_53691.94": 1784181971.9640737, "R_75_BULL_ZONE_53642.6_53738.13": 1784197925.3434637, "1HZ75V_BULL_ZONE_7014.81_7023.39": 1784227126.2087831, "R_75_BULL_ZONE_55372.57_55385.41": 1784234383.6997745, "1HZ75V_BULL_ENTRY_7014.81_7023.39": 1784234387.7049258, "R_75_BULL_ENTRY_55372.57_55385.41": 1784250917.9589293}