{"R_25_BEAR_ZONE_2668.26_2673.34": 1784088665.62235, "R_75_BULL_ZONE_51917.03_52039.1": 1784118128.1374738, "R_25_BEAR_ZONE_2651.46_2652.16": 1784113138.8766017, "R_75_BULL_ENTRY_51917.03_52039.1": 1784118128.5552561, "R_25_BEAR_ZONE_2624.7_2627.51": 1784173413.2412953, "R_10_BEAR_ZONE_4780.8_4783.87": 1784141000.5544825, "R_25_BEAR_ENTRY_2624.7_2627.51": 1784173413.5689557, "R_10_BEAR_ENTRY_4780.8_4783.87": 1784160855.574183, "R_75_BULL_ZONE_53582.15_53691.94": 1784173405.1247625}