{"R_75_BULL_ZONE_53642.6_53738.13": 1784197925.3434637, "1HZ75V_BULL_ZONE_7014.81_7023.39": 1784227126.2087831, "R_75_BULL_ZONE_55372.57_55385.41": 1784262630.3551757, "1HZ75V_BULL_ENTRY_7014.81_7023.39": 1784234387.7049258, "R_75_BULL_ENTRY_55372.57_55385.41": 1784279933.8964853}