{"R_25_BEAR_ZONE_2558.91_2561.33": 1784572424.3523598, "R_25_BEAR_ENTRY_2558.91_2561.33": 1784583268.36834, "R_75_BEAR_ZONE_51598.32_51764.99": 1784590768.5084069, "R_75_BEAR_ENTRY_51598.32_51764.99": 1784596256.3478143, "R_25_BEAR_ZONE_2554.01_2560.86": 1784596265.1947253}