{"R_75_BULL_ZONE_40527.58_40626.06": 1782211758.4161005, "1HZ75V_BEAR_ZONE_5402.55_5442.69": 1782167298.4860198, "R_25_BEAR_ZONE_2599.53_2604.78": 1782167303.944548, "R_75_BULL_ENTRY_40527.58_40626.06": 1782211758.8908033, "R_10_BEAR_ZONE_4838.25_4839.47": 1782211765.342303}