{"R_25_BEAR_ZONE_2554.01_2560.86": 1784641800.141423, "R_75_BEAR_ZONE_50677.7_50715.83": 1784694609.6923525, "R_75_BEAR_ZONE_50493.0_50600.51": 1784713424.7253246, "1HZ75V_BULL_ZONE_6975.71_6982.27": 1784725696.3336537}