{"R_75_BULL_ZONE_53580.35_53670.97": 1783760080.002445, "R_25_BEAR_ZONE_2662.44_2665.19": 1783769293.5450768, "1HZ75V_BULL_ZONE_6924.76_6937.8": 1783802081.1436017, "R_75_BULL_ZONE_55786.77_55821.3": 1783765102.4650936, "R_75_BULL_ENTRY_55786.77_55821.3": 1783769285.4998755, "R_25_BEAR_ZONE_2630.1_2631.58": 1783778886.08336, "R_25_BEAR_ENTRY_2630.1_2631.58": 1783782942.767297, "R_10_BEAR_ZONE_4825.02_4828.74": 1783840749.2537954}