{"R_10_BEAR_ZONE_4892.05_4892.27": 1783160187.5360675, "R_10_BEAR_ENTRY_4892.05_4892.27": 1783165740.002068}