{"R_10_BULL_ZONE_4965.53_4967.14": 1782761107.2575324, "1HZ75V_BEAR_ZONE_4849.83_4860.14": 1782761104.1954784}