{"R_25_BEAR_ZONE_2622.15_2622.88": 1781996059.1369753, "1HZ75V_BULL_ZONE_5515.22_5524.79": 1782079274.98453, "1HZ75V_BULL_ENTRY_5515.22_5524.79": 1782079275.3272192}