{"R_75_BEAR_ZONE_50493.0_50600.51": 1784739171.7684953, "1HZ75V_BULL_ZONE_6975.71_6982.27": 1784778513.7267687, "R_75_BEAR_ZONE_48750.42_48776.04": 1784819684.311883}