{"1HZ75V_BULL_ZONE_5515.22_5524.79": 1782079274.98453, "1HZ75V_BULL_ENTRY_5515.22_5524.79": 1782079275.3272192, "R_75_BULL_ZONE_40527.58_40626.06": 1782144973.3553503, "1HZ75V_BEAR_ZONE_5402.55_5442.69": 1782144976.3049433, "R_25_BEAR_ZONE_2599.53_2604.78": 1782144981.8876472}