{"R_25_BEAR_ZONE_2538.3_2539.81": 1782562676.619992, "R_10_BULL_ZONE_4920.56_4923.32": 1782578451.0444038, "R_25_BEAR_ENTRY_2538.3_2539.81": 1782578454.7130616, "R_10_BULL_ZONE_4931.51_4934.09": 1782592867.3529372, "R_10_BULL_ZONE_4968.25_4970.98": 1782635596.3091362}