{"R_25_BEAR_ZONE_2696.29_2697.8": 1784046957.275953, "R_25_BEAR_ZONE_2668.26_2673.34": 1784088665.62235, "R_75_BULL_ZONE_51917.03_52039.1": 1784088656.1052961, "R_25_BEAR_ZONE_2651.46_2652.16": 1784113138.8766017}