{"R_25_BEAR_ZONE_2583.65_2585.29": 1784482951.5933719, "1HZ75V_BULL_ZONE_7192.96_7207.83": 1784491011.8748217, "1HZ75V_BULL_ENTRY_7192.96_7207.83": 1784482943.3577588, "R_10_BULL_ZONE_4825.34_4826.97": 1784482947.1178749, "R_10_BULL_ENTRY_4825.34_4826.97": 1784482947.6948292, "R_25_BEAR_ENTRY_2583.65_2585.29": 1784468571.0187514, "R_10_BULL_ZONE_4835.06_4839.46": 1784494936.331427, "R_75_BULL_ZONE_54098.49_54208.13": 1784506405.2038174, "R_75_BULL_ENTRY_54098.49_54208.13": 1784506405.5622506}