{"1HZ75V_BULL_ZONE_7192.96_7207.83": 1784491011.8748217, "R_10_BULL_ZONE_4835.06_4839.46": 1784494936.331427, "R_75_BULL_ZONE_54098.49_54208.13": 1784506405.2038174, "R_75_BULL_ENTRY_54098.49_54208.13": 1784506405.5622506, "R_25_BEAR_ZONE_2558.91_2561.33": 1784572424.3523598}