{"1HZ75V_BULL_ZONE_5403.55_5418.48": 1782993297.9524055, "1HZ75V_BULL_ZONE_5505.78_5510.69": 1783001639.8503218, "R_75_BULL_ZONE_48988.91_49195.65": 1783077020.5921001, "R_75_BULL_ENTRY_48988.91_49195.65": 1783077021.2853131, "1HZ75V_BULL_ZONE_5624.86_5648.08": 1783067036.873256}