{"R_10_BULL_ZONE_4829.68_4830.87": 1784347864.4427178, "1HZ75V_BULL_ZONE_6833.49_6843.77": 1784382160.0678277, "1HZ75V_BULL_ENTRY_6833.49_6843.77": 1784396432.0975032}