{"1HZ75V_BULL_ZONE_6833.49_6843.77": 1784404324.0389066, "R_25_BEAR_ZONE_2583.65_2585.29": 1784482951.5933719, "1HZ75V_BULL_ZONE_7192.96_7207.83": 1784468565.1672337, "1HZ75V_BULL_ENTRY_7192.96_7207.83": 1784482943.3577588, "R_10_BULL_ZONE_4825.34_4826.97": 1784482947.1178749, "R_10_BULL_ENTRY_4825.34_4826.97": 1784482947.6948292, "R_25_BEAR_ENTRY_2583.65_2585.29": 1784468571.0187514}