{"R_75_BULL_ZONE_42281.03_42455.78": 1782428481.7636423, "R_10_BULL_ZONE_4887.77_4890.38": 1782470307.812145, "R_10_BULL_ENTRY_4887.77_4890.38": 1782470308.1978722, "R_75_BULL_ZONE_43405.94_43451.49": 1782494347.9325554, "R_25_BEAR_ZONE_2549.05_2550.2": 1782494358.270339, "1HZ75V_BEAR_ZONE_5201.52_5215.97": 1782510668.9243066, "1HZ75V_BEAR_ENTRY_5201.52_5215.97": 1782510669.4645429, "R_10_BULL_ZONE_4891.5_4893.34": 1782510672.8573673}